机构名称,机构编号,机构类型,服务形式,区托育服务管理机构,机构负责人,机构联系电话,举办者,地址,供餐情况,收费情况[元/月]
上海宝山保霖托育有限公司,1132100001600000,营利性托育机构,全日制,宝山区托育服务指导中心,阚惠萍,021-66013783,陈宇；周飞林；张波,上海市宝山区友谊路街道友谊路1899弄41号、43号2楼、45号、47号,不自行加工膳食，但提供供餐服务,5500.0
上海宝山槟果托育有限公司 ,1132100001000000,营利性托育机构,全日制,宝山区托育服务指导中心,李怀亲,021-66016125,朱峰伟；刘丽霞,上海市宝山区大场镇华秋路58弄62号、66号,不自行加工膳食，但提供供餐服务,5000.0
上海宝山固瑞特托育有限公司,1132111001900000,营利性托育机构,全日制,宝山区托育服务指导中心,王秀,021-60297219,谭通；李艳霞,上海市宝山区友谊路街道宝山区盘古路388弄1号,不自行加工膳食，但提供供餐服务,8000.0
上海宝山顾培托育有限公司,1132111000400000,营利性托育机构,全日制,宝山区托育服务指导中心,梁君霞,021-66781615,蔡逸珏；樊俊杰；吉翔,上海市宝山区顾村镇顾北路548号、546号、568号1-202、1-203,不自行加工膳食，但提供供餐服务,3000.0
上海宝山吉源托育有限公司,1132111001100000,营利性托育机构,全日制,宝山区托育服务指导中心,李凤英,56865366,张薛,上海市宝山区罗店镇罗芬路1288弄1252号—5、6、7,不自行加工膳食，但提供供餐服务,5000.0
上海宝山杰克宝托育有限责任公司,1132100000300000,营利性托育机构,全日制,宝山区托育服务指导中心,侯俊丽,13681761519,上海如坤投资管理有限公司,上海市宝山区罗店镇美兰湖路8弄8073号,不自行加工膳食，但提供供餐服务,7500.0
上海宝山乐鸾托育有限公司,1132100001800000,营利性托育机构,全日制,宝山区托育服务指导中心,马小梅,56126066,上海小龙鱼教育发展有限公司,上海市宝山区友谊路街道牡丹江路1248号楼101、102、106单元,不自行加工膳食，但提供供餐服务,8000.0
上海宝山连众托育有限公司,1132111001200000,营利性托育机构,全日制,宝山区托育服务指导中心,蔡霞芳,56581816,叶顺，沈翀,上海市宝山区友谊路街道上海市宝山区海江路19号,不自行加工膳食，但提供供餐服务,6500.0
上海宝山培菲特托育有限公司,1132100000500000,营利性托育机构,全日制,宝山区托育服务指导中心,李琦,56333252,王顺妹；潘大明；潘武,上海市宝山区大场镇沪太路2751号4幢,不自行加工膳食，但提供供餐服务,7500.0
上海宝山启鹗宝托育有限公司,1132111001700000,营利性托育机构,全日制,宝山区托育服务指导中心,魏杏芳,13681632103,李明昇；邱文彬；夏菁菁,上海市宝山区庙行镇上海市宝山区场北路704号一楼112室,不自行加工膳食，但提供供餐服务,10000.0
上海宝山乾谦托育有限公司,1132111002200000,营利性托育机构,全日制,宝山区托育服务指导中心,杨月霞,021-56776013,周业；高迪,上海市宝山区庙行镇上海市宝山区纪蕴路320弄9号,不自行加工膳食，但提供供餐服务,8600.0
上海宝山区柯贝米托育园,1131100000900000,非营利性托育机构,全日制,宝山区托育服务指导中心,周永红,17321072198,袁文连     孟凌云     孟祥跃,上海市宝山区大场镇城银路555弄7号2栋102室,不自行加工膳食，但提供供餐服务,3000.0
上海宝山区优品托育园,1131111001400000,非营利性托育机构,全日制,宝山区托育服务指导中心,罗华平,021-36100087,王佩桦,上海市宝山区大场镇锦秋路699弄8区101号,自行加工膳食,6800.0
上海宝山芮媛托育有限责任公司,1132111001500000,营利性托育机构,全日制,宝山区托育服务指导中心,汪绿绮,13917773133,孙娅,上海市宝山区大场镇真大路361号101,不自行加工膳食，但提供供餐服务,10000.0
上海宝山恬悠吉玛托育有限责任公司,1132100000600000,营利性托育机构,全日制,宝山区托育服务指导中心,王莉,13391157596,米亚赛,上海市宝山区杨行镇莲花山路700弄18号101,不自行加工膳食，但提供供餐服务,3000.0
上海宝山妤姈托育有限公司,1132100001300000,营利性托育机构,全日制,宝山区托育服务指导中心,吴莺燕,66795818,钱永琴，季忠康，宋海萍，瞿亚萍，韩龙娟,上海市宝山区杨行镇上海是宝山区杨鑫路226.，228，230号,不自行加工膳食，但提供供餐服务,8000.0
上海宝山育蕾洋洋托育有限公司,1132111000700000,营利性托育机构,全日制,宝山区托育服务指导中心,杨玉芬,66787185,杨玉芬，上海育蕾教育培训有限公司,上海市宝山区杨行镇水产路2600弄88号106室、205室,自行加工膳食,6000.0
上海宝山媛霖托育有限公司,1132100000800000,营利性托育机构,全日制,宝山区托育服务指导中心,曹春玲,021-66013783,陈宇、汪燕凌,上海市宝山区大场镇华秋路58弄43-46号,不自行加工膳食，但提供供餐服务,5500.0
上海宝山智慧欧莱托育有限公司,1132100000200000,营利性托育机构,全日制,宝山区托育服务指导中心,朱玮,66222376,上海鸥翼教育科技有限公司,上海市宝山区顾村镇蕴川路6号33幢楼,不自行加工膳食，但提供供餐服务,5300.0
上海宝山卓童托育有限公司,1132111002100000,营利性托育机构,全日制,宝山区托育服务指导中心,李京媛,13311988127,胡越;杨立波,上海市宝山区杨行镇上海市宝山区盘古路727号5幢103室,不自行加工膳食，但提供供餐服务,5800.0
上海长宁灿童托育有限责任公司,1052001900000000,营利性托育机构,全日制,长宁区托育服务指导中心,郑巧玲,52958502,上海卡通派数码科技发展有限公司；刘红,上海市长宁区天山路街道天山支路201号一层南区1008、1009室，M层M03、M07,自行加工膳食,8800.0
上海长宁橄榄树托育有限责任公司,1052100000800000,营利性托育机构,全日制,长宁区托育服务指导中心,孙晓黎,62660652,孙晓黎,上海市长宁区新泾镇威宁路509号一层,自行加工膳食,7200.0
上海长宁观化启蒙园托育有限公司,1052100001000000,营利性托育机构,全日制,长宁区托育服务指导中心,方伟英,021-62688069,朱辉,上海市长宁区江苏路街道愚园路749弄23号,自行加工膳食,12000.0
上海长宁及幼托育有限公司,1052111001700000,营利性托育机构,全日制,长宁区托育服务指导中心,周娅,133 9107 8803,赤子（上海）企业管理有限公司；上海彩轮企业管理合伙企业（有限合伙）；倪妹,上海市长宁区虹桥街道中山西路1410弄25号,自行加工膳食,15000.0
上海长宁佳禾托育有限公司,1052111002000000,营利性托育机构,全日制,长宁区托育服务指导中心,邓章莹,15823030068,段明洪,上海市长宁区虹桥街道上海长宁区虹桥路961弄甲1幢甲2幢,自行加工膳食,16000.0
上海长宁美聿托育有限公司,1052111002100000,营利性托育机构,全日制,长宁区托育服务指导中心,严任颖,+86 21 62310685,上海和聿教育科技有限公司,上海市长宁区江苏路街道武夷路95弄19号全幢,自行加工膳食,12000.0
上海长宁萌育托育有限公司,1052100001500000,营利性托育机构,全日制,长宁区托育服务指导中心,胡金芳,021-60319010,缪卓尔,上海市长宁区虹桥街道中山西路1061号1层、2层、3层,自行加工膳食,14000.0
上海长宁米乐邦托育有限公司,1052100000600000,营利性托育机构,全日制,长宁区托育服务指导中心,张岚,62680370,陈岑；肖剑香,上海市长宁区虹桥街道黄金城道555弄5号102室,自行加工膳食,12000.0
上海长宁铭诗托育有限公司,1052111000200000,营利性托育机构,全日制,长宁区托育服务指导中心,徐燕萍,021-62196831,上海铭诗教育科技有限公司,上海市长宁区北新泾街道天山路181号底层跃二层,自行加工膳食,8800.0
上海长宁沛琳托育有限公司,1052111001600000,营利性托育机构,全日制,长宁区托育服务指导中心,陈晓健,52798791,刘玉蓉；刘建勇；严磊；朱向东,上海市长宁区新泾镇北渔路50号52号,自行加工膳食,12000.0
上海长宁森之堡托育有限公司,1052100001100000,营利性托育机构,全日制,长宁区托育服务指导中心,宋鑫懿,18049912620,上海爻萃企业管理咨询有限公司,"上海市长宁区虹桥街道黄金城道776号1, 2楼",自行加工膳食,11500.0
上海长宁舒克托育有限责任公司,1052111001400000,营利性托育机构,全日制,长宁区托育服务指导中心,姜婷,13311662644,殳刚,上海市长宁区北新泾街道临虹路365号北3座102,自行加工膳食,8800.0
上海长宁泰尼汉托育有限公司,1052111000700000,营利性托育机构,全日制,长宁区托育服务指导中心,李翌啸,021-52720233,朱恩辰,上海市长宁区周家桥街道长宁路1946号,自行加工膳食,9000.0
上海长宁瑭蕊托育有限公司,1052111001200000,营利性托育机构,全日制,长宁区托育服务指导中心,陈昌明,021-52690083,上海长宁瑭蕊托育有限公司,上海市长宁区程家桥街道上海市长宁区哈密路1997号,自行加工膳食,16800.0
上海长宁辛格儿托育有限公司,1052111000400000,营利性托育机构,全日制,长宁区托育服务指导中心,沈美萍,18621866602,上海长宁辛格儿托育有限公司,上海市长宁区新泾镇福泉北路88号2幢106室,自行加工膳食,8000.0
上海长宁弋聪托育有限公司,1052111000900000,营利性托育机构,全日制,长宁区托育服务指导中心,常春,60327766,叶弋,上海市长宁区天山路街道遵义路101号5幢,自行加工膳食,13800.0
上海长宁悦宝园托育有限公司,1052111000300000,营利性托育机构,全日制,长宁区托育服务指导中心,朱春惠,15802183339,明月,上海市长宁区虹桥街道上海市长宁区红宝石路533号139，150，151，152，153,自行加工膳食,7000.0
上海崇明启稚托育有限公司,1512111000100000,营利性托育机构,全日制,崇明区托育服务指导中心,沈丽霞,18917377365,沈丽霞,上海市崇明区长兴镇上海市崇明区长兴镇金淼路759弄136号101室,自行加工膳食,5000.0
上海奉贤区金海之星托育园,1201111000200000,非营利性托育机构,全日制,奉贤区托育服务指导中心,何亚萍,13917888648,叶仁龙；何亚萍,上海市奉贤区金海社区嘉园路361弄18号,自行加工膳食,3000.0
上海奉贤区金尊贝尔托育园,1201100000100000,非营利性托育机构,全日制,奉贤区托育服务指导中心,陈惠红,37511188,上海奉贤区金尊贝尔教育培训中心,上海市奉贤区金海社区上海市奉贤区南桥新城望园南路2288弄27-29号、泽丰路317号,不自行加工膳食，但提供供餐服务,2880.0
上海虹口乐圭托育有限公司,1092100000500000,营利性托育机构,全日制,虹口区托育服务指导中心,葛毅群,55826077,上海小龙鱼教育发展有限公司,上海市虹口区嘉兴路街道通州路188号一层-1,自行加工膳食,10000.0
上海虹口利特蜜托育有限公司,1092100001000000,营利性托育机构,全日制,虹口区托育服务指导中心,王晓平,55381128,孙宗蓓，杜燕洁,上海市虹口区嘉兴路街道虹口区周家嘴路981弄6号102室二层,自行加工膳食,5000.0
上海虹口美格瑞思托育有限责任公司,1092111000600000,营利性托育机构,全日制,虹口区托育服务指导中心,姚芳,65025335,曹琍萍,上海市虹口区广中路街道新市路86号1 层,自行加工膳食,6500.0
上海虹口派思贝贝托育有限公司,1092111001100000,营利性托育机构,全日制,虹口区托育服务指导中心,徐秋蓉,65061506,肖瑶；陆云飞,上海市虹口区曲阳路街道中山北一路1230号1幢A102-2室,不提供膳食,8800.0
上海虹口区尚佑托育园,1091100000100000,非营利性托育机构,全日制,虹口区托育服务指导中心,夏国琴,55039977,上海万江教育投资管理有限公司,上海市虹口区北外滩街道惠民路220弄1-2号底层,自行加工膳食,3000.0
上海虹口区同心托育园,1091100000300000,非营利性托育机构,全日制,虹口区托育服务指导中心,潘莹,56436298,王志荣；吴华敏,上海市虹口区广中路街道同心路1037-1039,自行加工膳食,3000.0
上海虹口善思客托育有限责任公司,1092100000800000,营利性托育机构,全日制,虹口区托育服务指导中心,刘秋霞,021-65152027,刘秋霞；张涛；,上海市虹口区嘉兴路街道保定路625号1_2层,不自行加工膳食，但提供供餐服务,8500.0
上海虹口小牙托育有限公司,1092111000400000,营利性托育机构,全日制,虹口区托育服务指导中心,吴蓓,021-80158515,上海小牙教育科技有限公司,上海市虹口区北外滩街道西安路61号1-2层,不自行加工膳食，但提供供餐服务,9800.0
上海虹口屹橙托育有限公司,1092111000900000,营利性托育机构,全日制,虹口区托育服务指导中心,朱静,02161426785,包藏，黄亦一,上海市虹口区曲阳路街道曲阳路900弄5-6号,自行加工膳食,8000.0
上海虹口芸沁托育有限公司,1092100000700000,营利性托育机构,全日制,虹口区托育服务指导中心,金晔,021-65556772,周莉,上海市虹口区嘉兴路街道通州路428号一楼B室,自行加工膳食,9960.0
上海虹口臻悦托育有限公司,1092100000200000,营利性托育机构,全日制,虹口区托育服务指导中心,茹怡,13917481940,上海佳彦教育科技有限公司,上海市虹口区广中路街道上海市虹口区北宝兴路355号2幢127室,不自行加工膳食，但提供供餐服务,6800.0
上海黄浦俊星托育有限公司,1012100000100000,营利性托育机构,全日制,黄浦区托育服务指导中心,高菲,021-80198157,上海俊星国际教育投资管理股份有限公司,上海市黄浦区五里桥街道龙华东路647号1楼05-07单元,不自行加工膳食，但提供供餐服务,12800.0
上海黄浦乐烁托育有限公司,1012111000800000,营利性托育机构,全日制,黄浦区托育服务指导中心,何丽蓉,02163085551,上海小龙鱼教育发展有限公司,上海市黄浦区半淞园路街道上海市黄浦区中山南路1280号1201、1202部位，中山南路1288弄1、2号，中山南路1282号、1286号,不自行加工膳食，但提供供餐服务,10000.0
上海黄浦龄乐托育有限公司,1012111001200000,营利性托育机构,全日制,黄浦区托育服务指导中心,沈洁,13162020484,上海贤龄商务咨询有限公司；邱琦。,上海市黄浦区豫园街道柳泉弄1号1层A座,不自行加工膳食，但提供供餐服务,18000.0
上海黄浦杞果托育有限公司,1012111000700000,营利性托育机构,全日制,黄浦区托育服务指导中心,聂辉,"63900007,63900070",上海灵童教育科技有限公司,上海市黄浦区淮海中路街道合肥路221号底层,不自行加工膳食，但提供供餐服务,13000.0
上海黄浦区小东门社区华爱托育园,1011100000600000,非营利性托育机构,全日制,黄浦区托育服务指导中心,柯燕子,63777566 63771920,上海基督教女青年会,上海市黄浦区小东门街道上海黄浦区中华路707号底层1楼,不自行加工膳食，但提供供餐服务,3000.0
上海黄浦区小橡树托育园,1011001000900000,非营利性托育机构,全日制,黄浦区托育服务指导中心,王昀,18817595009,张尧，王慧,上海市黄浦区半淞园路街道海潮路133号A1068,不提供膳食,4680.0
上海黄浦橡创托育有限公司,1012010000400000,营利性托育机构,全日制,黄浦区托育服务指导中心,马丽萍,13818288940,上海长宁橡缤教育科技有限公司,上海市黄浦区豫园街道东青莲街121号１层,不自行加工膳食，但提供供餐服务,8000.0
上海黄浦辛辛宝托育有限公司,1012111001000000,营利性托育机构,全日制,黄浦区托育服务指导中心,闻梅芬,18117039869,王薇芸,上海市黄浦区打浦桥街道上海市黄浦区徐家汇路368号101-1,不自行加工膳食，但提供供餐服务,13800.0
上海黄浦紫綦托育有限公司,1012111001100000,营利性托育机构,全日制,黄浦区托育服务指导中心,余燕,021-63010836,张跃,上海市黄浦区小东门街道黄浦区紫霞路115-117号1层,不自行加工膳食，但提供供餐服务,8800.0
上海嘉定好才托育有限公司,1142111000700000,营利性托育机构,全日制,嘉定区托育服务指导中心,李春芳,13003153206,上海好才企业管理服务有限公司,上海市嘉定区马陆镇宝塔路166弄2-5号,自行加工膳食,6800.0
上海嘉定禾恩托育有限公司,1142100000400000,营利性托育机构,全日制,嘉定区托育服务指导中心,李素娜,17317737448,王伟；徐旻辰；李素娜,上海市嘉定区南翔镇芳林路333弄48号49号50号51号一层,自行加工膳食,6500.0
上海嘉定萌萌鹿托育有限公司,1142100000200000,营利性托育机构,全日制,嘉定区托育服务指导中心,濮海红,021-59549556,王钊,上海市嘉定区南翔镇宝翔路158弄104、105、106、107、108室,自行加工膳食,6500.0
上海嘉定区呦呦托育园,1141111000500000,非营利性托育机构,全日制,嘉定区托育服务指导中心,吴庆,59961618,龙如银  孙自立,上海市嘉定区安亭镇进明渡路452号-460号,自行加工膳食,3000.0
上海嘉定瑞芽托育有限公司,1142111000900000,营利性托育机构,全日制,嘉定区托育服务指导中心,姚旭华,13916489413,上海慈卫文化发展有限公司,上海市嘉定区徐行镇胜竹东路3890弄2号101/105/106/107/108/109/110/111室,自行加工膳食,6500.0
上海金山德楷托育有限公司,1162100000400000,营利性托育机构,全日制,金山区托育服务指导中心,沈仁贤,33696009,孔祥婷、濮庆华、陆秋华,上海市金山区山阳镇中央大道271号二、三层、273号,不自行加工膳食，但提供供餐服务,13000.0
上海金山墨喆托育有限公司,1162100000100000,营利性托育机构,全日制,金山区托育服务指导中心,徐辉,021-67322818,陆游,上海市金山区朱泾镇万安街103弄3号,不自行加工膳食，但提供供餐服务,3500.0
上海金山区金幼托育园,1161111000300000,非营利性托育机构,全日制,金山区托育服务指导中心,刘冉冉,021-57932001,上海杨浦爱曦幼托育有限公司,上海市金山区石化街道石化三村317号,自行加工膳食,3000.0
上海金山区鑫精灵托育园,1161100000200000,非营利性托育机构,全日制,金山区托育服务指导中心,朱宏,021-57271162,上海金山区民办金工幼儿园,上海市金山区金山工业区高林路81号,不自行加工膳食，但提供供餐服务,1800.0
上海静安邦禾托育有限责任公司,1062111001700000,营利性托育机构,全日制,静安区托育服务指导中心,熊喆珏,17717305015,上海知禾信息科技有限公司,上海市静安区大宁路街道汶水路40号13幢1层1204-1208室,自行加工膳食,12000.0
上海静安宝囡托育有限公司,1062111000400000,营利性托育机构,全日制,静安区托育服务指导中心,沈美萍,021-61800823,张颖,上海市静安区彭浦镇上海市灵石路658、660、662、664号108室,不自行加工膳食，但提供供餐服务,8000.0
上海静安辅智托育有限公司,1062100001600000,营利性托育机构,全日制,静安区托育服务指导中心,魏娜,021-31220996,郑韶雨,上海市静安区曹家渡街道万航渡路858弄15号101室,不提供膳食,15000.0
上海静安翰哲托育有限公司,1062111001300000,营利性托育机构,全日制,静安区托育服务指导中心,史庆颖,56553690,张慧,上海市静安区临汾路街道上海市静安区临汾路33号,不自行加工膳食，但提供供餐服务,6000.0
上海静安九伴托育有限公司,1062100000800000,营利性托育机构,全日制,静安区托育服务指导中心,朱玮,15921616009,陈炎庆,上海市静安区共和新路街道延长中路628弄1、2、3号底层,自行加工膳食,10000.0
上海静安麦忒托育有限公司,1062100000500000,营利性托育机构,全日制,静安区托育服务指导中心,臧妍勋,021-31830089,上海麦忒教育科技有限公司,上海市静安区共和新路街道中山北路901号1楼,不提供膳食,15800.0
上海静安满儿托育有限公司,1062111001500000,营利性托育机构,全日制,静安区托育服务指导中心,王恺,66278255,满儿企业管理（上海）有限公司,上海市静安区大宁路街道寿阳路99弄协信星光广场南里1层s126,自行加工膳食,8600.0
上海静安曼彻斯托育有限公司,1062111000700000,营利性托育机构,全日制,静安区托育服务指导中心,章立,02166776006,胡浩丽，李燕，周甬涛,上海市静安区大宁路街道平型关路1037号,不自行加工膳食，但提供供餐服务,12000.0
上海静安纽英托育有限公司,1062111001200000,营利性托育机构,全日制,静安区托育服务指导中心,李佳佳,56331801,上海昀祚教育科技有限公司；李军；章欣,上海市静安区彭浦新村街道云欣路200弄6号101室,不自行加工膳食，但提供供餐服务,13800.0
上海静安杞初托育有限公司,1062111000900000,营利性托育机构,全日制,静安区托育服务指导中心,罗静,80317559,上海灵童教育科技有限公司,上海市静安区彭浦镇沪太支路566弄1号104、107-115室,不自行加工膳食，但提供供餐服务,6800.0
上海静安区格林新蕾托育园,1061100000300000,非营利性托育机构,全日制,静安区托育服务指导中心,黎艳玲,54030603*12,上海正格林金实业有限公司,上海市静安区曹家渡街道胶州路561号,自行加工膳食,12000.0
上海静安区嘉乐宝宝托育园,1061111002000000,非营利性托育机构,全日制,静安区托育服务指导中心,崔红,18621740380,陈火明  上海贤德教育科技有限公司,上海市静安区共和新路街道洛川中路1100弄63号,自行加工膳食,9800.0
上海静安区嘉乐贝贝托育园,1061111000200000,非营利性托育机构,全日制,静安区托育服务指导中心,钱娟,021-66080303,宋德芬，上海嘉乐贝贝教育科技有限公司,上海市静安区大宁路街道民晏路55号,自行加工膳食,5600.0
上海静安区芷江西路街道永盛托育园,1061111001900000,非营利性托育机构,全日制,静安区托育服务指导中心,郑洁,021-52840227,上海棋颖文化传播有限公司,上海市静安区芷江西路街道中兴路1233弄3幢1号、2号,不自行加工膳食，但提供供餐服务,8000.0
上海静安睿曜托育有限公司,1062100001100000,营利性托育机构,全日制,静安区托育服务指导中心,陈英,02156319313,顾婷怡，北京云风智慧教育科技有限公司,上海市静安区大宁路街道江场路1400号C101、C106室,不自行加工膳食，但提供供餐服务,13800.0
上海静安泰德乐托育有限公司,1062100000600000,营利性托育机构,全日制,静安区托育服务指导中心,郁军,62459509,洪鹭梅,上海市静安区石门二路街道顺德路92号,自行加工膳食,17000.0
上海静安维斯奇托育有限公司,1062100001400000,营利性托育机构,全日制,静安区托育服务指导中心,刘毅文,13917189057,马秉辉；杨炳辉,上海市静安区芷江西路街道静安区永兴路856号一层，856、866、868号202室,不自行加工膳食，但提供供餐服务,3500.0
上海静安文雨托育有限责任公司,1062111001800000,营利性托育机构,全日制,静安区托育服务指导中心,张芸,18001758403,冯炜鹏；黄佳亮；施碧仪,上海市静安区大宁路街道江场路1228弄10号101室,不自行加工膳食，但提供供餐服务,10000.0
上海静安晓荷园托育有限公司,1062111001000000,营利性托育机构,全日制,静安区托育服务指导中心,肖春艳,15618558455,胡利平；蔡万刚；沈雅培；黄正委,上海市静安区彭浦镇沪太支路566弄3号101,不自行加工膳食，但提供供餐服务,5980.0
上海苗迪托育有限公司,1012100000200000,营利性托育机构,全日制,黄浦区托育服务指导中心,赵馨华,021-64227737,上海益定林实业有限公司，上海皓喆文化传播有限公司,上海市黄浦区瑞金二路街道建国西路56弄20号,自行加工膳食,10000.0
上海闵行德浦托育有限公司,1122100000300000,营利性托育机构,全日制,闵行区托育服务指导中心,罗丽,021-33883898,上海顺德教育信息咨询有限公司,上海市闵行区莘庄镇七莘路1588号11号楼一层,自行加工膳食,13880.0
上海闵行教育亲子托育点,1120100000600000,免费福利性托育点,全日制,闵行区托育服务指导中心,韩秀华,021-54859691,上海市闵行区教育局（委托上海闵行启英幼儿园管理）,上海市闵行区七宝镇闵行区新镇路1095号,自行加工膳食,0.0
上海闵行乐鸿托育有限公司,1122100002000000,营利性托育机构,全日制,闵行区托育服务指导中心,姚兰,52276577,上海小龙鱼教育发展有限公司,上海市闵行区虹桥镇金汇南路225号一层B室和二层,自行加工膳食,10000.0
上海闵行区古美名优托育园,1121111000700000,非营利性托育机构,全日制,闵行区托育服务指导中心,王英,021-68932999,许华生；张家兰,上海市闵行区古美街道顾戴路1178弄57-60号,自行加工膳食,3000.0
上海闵行区古美全之未来托育园,1121100000500000,非营利性托育机构,全日制,闵行区托育服务指导中心,金竹宝,021-64021058,上海凯贝教育科技有限公司,上海市闵行区古美街道古美路37号,自行加工膳食,3000.0
上海闵行区虹桥镇德英乐托育园,1121111000200000,非营利性托育机构,全日制,闵行区托育服务指导中心,王芳,021-64880127,上海闵行区万科幼儿园,上海市闵行区虹桥镇虹梅路2878号和2882号,自行加工膳食,3000.0
上海闵行区江川路街道哆来咪托育园,1121111000800000,非营利性托育机构,全日制,闵行区托育服务指导中心,李国辉,15921890221,上海闵行区小哈佛好第坊幼儿园,上海市闵行区江川路街道兰坪路100号,自行加工膳食,3000.0
上海闵行区马桥依霖托育园,1121111001600000,非营利性托育机构,全日制,闵行区托育服务指导中心,周海英,13661889423,举办者1徐刚，举办者2王佳颖,上海市闵行区马桥镇上海闵行区富杰路296号4号楼1楼,自行加工膳食,3000.0
上海闵行区梅陇镇金贝儿托育园,1121011001500000,非营利性托育机构,全日制,闵行区托育服务指导中心,陈红华,18621167856,上海市闵行好时光金拇指幼儿园,上海市闵行区梅陇镇莲花南路969弄26号一楼春申景城邻里中心,不提供膳食,3000.0
上海闵行区浦江镇悦海托育园,1121111001100000,非营利性托育机构,全日制,闵行区托育服务指导中心,何玉芳,34781135,上海闵行区乐海幼儿园,上海市闵行区浦江镇谈中路145号,自行加工膳食,3000.0
上海闵行区浦锦街道托德托育园,1121111002100000,非营利性托育机构,全日制,闵行区托育服务指导中心,金山,13701981769,乔郦娜；王晟颀,上海市闵行区浦江镇浦锦街道浦锦路2049弄21号,自行加工膳食,3000.0
上海闵行区七宝启英托育园,1121100001700000,非营利性托育机构,全日制,闵行区托育服务指导中心,韩秀华,02154859691,上海闵行区启英幼儿园,上海市闵行区七宝镇青年路336弄13号,不自行加工膳食，但提供供餐服务,3000.0
上海闵行区未来宝贝托育园,1121100001300000,非营利性托育机构,全日制,闵行区托育服务指导中心,莫引飞,18018672393,上海闵行区未来宝贝幼儿园,上海市闵行区浦锦街道浦秀路813号,不自行加工膳食，但提供供餐服务,2900.0
上海闵行区吴泾馨辰托育园,1121100000900000,非营利性托育机构,全日制,闵行区托育服务指导中心,曹雯姣,021-52260966,曹雯姣；陈莉萍,上海市闵行区吴泾镇龙吴路5859号-5891号火星一号117-1;117-2 ,自行加工膳食,3000.0
上海闵行区莘庄工业区鑫欣托育园,1121100001200000,非营利性托育机构,全日制,闵行区托育服务指导中心,张玲,64421466,上海诗睿特乐器有限公司,上海市闵行区莘庄工业区鑫都路2688弄15号会所,自行加工膳食,3000.0
上海闵行区莘庄莘建依霖托育园,1121111001400000,非营利性托育机构,全日制,闵行区托育服务指导中心,乔丽华,33363680,徐刚、王佳颖,上海市闵行区莘庄镇上海闵行区莘建支路30号2幢,自行加工膳食,3000.0
上海闵行区新虹街道德英乐托育园,1121111000100000,非营利性托育机构,全日制,闵行区托育服务指导中心,唐亚平,021-62210185,上海闵行区万科幼儿园,上海市闵行区新虹街道宁虹路1122号,自行加工膳食,3000.0
上海闵行区颛桥常春藤托育园,1121111001000000,非营利性托育机构,全日制,闵行区托育服务指导中心,刘颖,52210667,上海浍锦投资有限公司,上海市闵行区颛桥镇颛卫路189号,自行加工膳食,3000.0
上海闵行区颛桥蜜宝托育园,1121111001800000,非营利性托育机构,全日制,闵行区托育服务指导中心,杨红霞,13918891979,王琳、杨红霞,上海市闵行区颛桥镇颛兴东路1633、1635、1637号一层,自行加工膳食,3000.0
上海闵行区颛桥镇优而慧托育园,1121111002200000,非营利性托育机构,全日制,闵行区托育服务指导中心,黄佩珍,13611898865,穆克俭；孙为国；蒋志华；吴以新；周红兵,上海市闵行区颛桥镇中沟路18号1栋、3栋,自行加工膳食,4800.0
上海闵行一萌托育有限公司,1122100001900000,营利性托育机构,全日制,闵行区托育服务指导中心,杨培娟,021-54847218,蔡锦霞、徐德,上海市闵行区江川路街道上海市闵行区凤庆路62弄37号一层,自行加工膳食,6800.0
上海浦东艾宝托育有限公司,1152111004100000,营利性托育机构,全日制,浦东新区托育服务指导中心,孙魏君,50897830,张雯燕；朱燕琴；王静。,上海市浦东新区川沙新镇上海市新德路1049、1051、1053号,不自行加工膳食，但提供供餐服务,3000.0
上海浦东艾凯文托育有限公司,1152100003900000,营利性托育机构,全日制,浦东新区托育服务指导中心,龚秀华,021 58303801,杨科扬；曲媛媛；廖思平。,上海市浦东新区金桥镇中国（上海）自由贸易试验区红枫路336号101，201，301室,不自行加工膳食，但提供供餐服务,14000.0
上海浦东艾上学托育有限公司,1152111004800000,营利性托育机构,全日制,浦东新区托育服务指导中心,尹爱琴,13611885625,王永凤,上海市浦东新区惠南镇拱极路2275号1--2层、2277号1-2层,自行加工膳食,3000.0
上海浦东爱英乐托育有限公司,1152110005600000,营利性托育机构,全日制,浦东新区托育服务指导中心,戴卫平,021-50675956,上海童园企业管理有限公司,上海市浦东新区唐镇上海市浦东新区唐安路816弄1-2号1-3层,自行加工膳食,8000.0
上海浦东爱予托育有限公司,1152100006000000,营利性托育机构,全日制,浦东新区托育服务指导中心,陈海鹰,51908590,乐中文,上海市浦东新区花木街道杜鹃路209号1_2层、2夹层B,不自行加工膳食，但提供供餐服务,3980.0
上海浦东爱约堡托育有限公司,1152111001600000,营利性托育机构,全日制,浦东新区托育服务指导中心,张芳,13162681811,梁敏,上海市浦东新区金桥镇中国（上海）自由贸易试验区金沪路1270号2幢1-3层,自行加工膳食,9000.0
上海浦东百学托育有限公司,1152111001000000,营利性托育机构,全日制,浦东新区托育服务指导中心,陈艺,021-58327007,尤霞,上海市浦东新区三林镇上海浦东新区板泉路1567弄3号138-145室,不提供膳食,5800.0
上海浦东柏星托育有限公司,1152111005700000,营利性托育机构,全日制,浦东新区托育服务指导中心,李静,58567772,卢云婷，石书情，王春海，杨志森,上海市浦东新区三林镇御桥路306弄10-11号1层、21-22号2层,自行加工膳食,5380.0
上海浦东班比尼托育有限公司,1152100002600000,营利性托育机构,全日制,浦东新区托育服务指导中心,高馨,58960079,张志辉,上海市浦东新区唐镇上海市浦东新区唐安路844、846号,不自行加工膳食，但提供供餐服务,7000.0
上海浦东贝贝熊托育有限公司,1152111005000000,营利性托育机构,全日制,浦东新区托育服务指导中心,房?,021-33893396,上海浦东贝贝熊托育有限公司,上海市浦东新区惠南镇听潮南路85.87.89号二层，91.93.95号1-2层,自行加工膳食,5000.0
上海浦东蹦蹦跳托育有限公司,1152111003600000,营利性托育机构,全日制,浦东新区托育服务指导中心,陆庆,021-50110556,施渫非,上海市浦东新区金杨新村街道张杨路3536-3556号,不自行加工膳食，但提供供餐服务,16800.0
上海浦东晨稚托育有限公司,1152100005400000,营利性托育机构,全日制,浦东新区托育服务指导中心,纪英,021-50420987,上海浦东晨稚科技有限公司,上海市浦东新区浦兴路街道杨高中路18弄16-18号1-2层,自行加工膳食,9600.0
上海浦东纯美托育有限公司,1152111003000000,营利性托育机构,全日制,浦东新区托育服务指导中心,金静贤,13472892227,骞婵,上海市浦东新区南汇新城镇方竹路166弄111号1-3层,不自行加工膳食，但提供供餐服务,5500.0
上海浦东德寅托育有限公司,1152111001400000,营利性托育机构,全日制,浦东新区托育服务指导中心,童莉敏,021-51872889,上海学寅教育科技有限公司,上海市浦东新区花木街道花木路1833弄230-231号,不自行加工膳食，但提供供餐服务,15800.0
上海浦东德缘托育有限公司,1152100003500000,营利性托育机构,全日制,浦东新区托育服务指导中心,闫晓燕,021-50429615,上海浦东晨稚科技有限公司、徐燕峰、冯永军,上海市浦东新区唐镇顾唐路2900弄6号,自行加工膳食,9600.0
上海浦东豆初托育有限公司,1152111005500000,营利性托育机构,全日制,浦东新区托育服务指导中心,何琇琳,50777539,周俊，杨智颖,上海市浦东新区花木街道上海市浦东新区杜鹃路2号1-2层，杜鹃路6号一层，浦建路1539号一层,自行加工膳食,6800.0
上海浦东恩吉拉托育有限公司,1152111005100000,营利性托育机构,全日制,浦东新区托育服务指导中心,杨玉玲,68902789,单俊丽,上海市浦东新区花木街道白杨路342-346双号1层101室、102室、2层,不自行加工膳食，但提供供餐服务,10800.0
上海浦东帆航托育有限公司,1152100002400000,营利性托育机构,全日制,浦东新区托育服务指导中心,张娜,13262505817,徐李李,上海市浦东新区三林镇懿行路603弄1号113-119室,不自行加工膳食，但提供供餐服务,3000.0
上海浦东果冻托育有限公司,1152111002500000,营利性托育机构,全日制,浦东新区托育服务指导中心,傅红,15001877401,钱峰、孙毅,"上海市浦东新区周家渡街道云台路529弄11号1-201、1-202,12号1-201、1-202、1-203,13号1-203",不自行加工膳食，但提供供餐服务,6000.0
上海浦东禾苗托育有限公司,1152111002200000,营利性托育机构,全日制,浦东新区托育服务指导中心,朱丽娜,021-58305213,王春艳,上海市浦东新区洋泾街道浦东大道1485号1-2层,不自行加工膳食，但提供供餐服务,12800.0
上海浦东红果果托育有限公司,1152100005800000,营利性托育机构,全日制,浦东新区托育服务指导中心,张红,58086399,张剑；王建亚,上海市浦东新区康桥镇秀沿路1170号2幢一层3室4室5室6室，二层6室7室8室9室,自行加工膳食,8800.0
上海浦东虹越托育有限公司,1152110004700000,营利性托育机构,全日制,浦东新区托育服务指导中心,倪晓燕,13601939668,上海虹越企业管理有限公司,上海市浦东新区三林镇上海市浦东新区长清路507、517号1幢一层163、165、166、173、174,自行加工膳食,8000.0
上海浦东胡姬港湾东郊托育有限公司,1152100003700000,营利性托育机构,全日制,浦东新区托育服务指导中心,姚亚静,61023039,上海浦东胡姬港湾信息科技有限公司,上海市浦东新区金桥镇紫竹路383弄38号全幢,不自行加工膳食，但提供供餐服务,14300.0
上海浦东吉梦儿托育有限公司,1152111003400000,营利性托育机构,全日制,浦东新区托育服务指导中心,李伟雯,021-58220889,汪毅君,上海市浦东新区航头镇沪南路5469弄127号1层、139—140号2层,自行加工膳食,5000.0
上海浦东杰立筱托育有限责任公司,1152111004000000,营利性托育机构,全日制,浦东新区托育服务指导中心,张娟,13761406607,陈晓娟；尹志,上海市浦东新区高桥镇夏碧路501弄4号1层，2号5号204-206室,自行加工膳食,9800.0
上海浦东卡萨托育有限公司,1152111002000000,营利性托育机构,全日制,浦东新区托育服务指导中心,王建英,021-68779308,上海音凡托得投资管理有限公司,上海市浦东新区北蔡镇成山路2369-2373号单号1-3层,不自行加工膳食，但提供供餐服务,7000.0
上海浦东蓝堡托育有限责任公司,1152100003300000,营利性托育机构,全日制,浦东新区托育服务指导中心,唐凤云,021-61600201,丛耸,上海市浦东新区张江镇盛夏路58弄41、42号,不自行加工膳食，但提供供餐服务,12000.0
上海浦东朗东荁托育有限公司,1152100001500000,营利性托育机构,全日制,浦东新区托育服务指导中心,凌月英,13701874345,戴福美,上海市浦东新区高行镇双桥路978，982号,不自行加工膳食，但提供供餐服务,3000.0
上海浦东劳思托育有限公司,1152100003100000,营利性托育机构,全日制,浦东新区托育服务指导中心,陈玉梅,20980006,黄瑛；尹晓霖,上海市浦东新区泥城镇鸿音路2892，2896号,不自行加工膳食，但提供供餐服务,3000.0
上海浦东露西宝贝托育有限公司,1152110002700000,营利性托育机构,全日制,浦东新区托育服务指导中心,韩莉,61189033,季惠芳、徐雪雯,上海市浦东新区惠南镇迎薰路266号,自行加工膳食,5000.0
上海浦东罗狮托育有限公司,1152111001700000,营利性托育机构,全日制,浦东新区托育服务指导中心,李丽,021-50671075,上海朗熹霖教育科技有限公司,上海市浦东新区中国（上海）自由贸易试验区（保税片区）张杨北路3211-3237号（单）一、二层,自行加工膳食,18000.0
上海浦东茂楷托育有限公司,1152111001100000,营利性托育机构,全日制,浦东新区托育服务指导中心,杨彭,58212296,茂楷（上海）教育科技有限公司,上海市浦东新区洋泾街道灵山路1000弄18号,自行加工膳食,16800.0
上海浦东美贝托育有限公司,1152111002900000,营利性托育机构,全日制,浦东新区托育服务指导中心,齐文,68866636,举办者1戴雪莲；举办者2齐文。,上海市浦东新区川沙新镇川银路45、47、49号1-2层,自行加工膳食,3000.0
上海浦东萌马宝贝托育有限公司,1152111004300000,营利性托育机构,全日制,浦东新区托育服务指导中心,吴丹青,33788288,卫靖华,上海市浦东新区花木街道杜鹃路196号一层D区、二层,不自行加工膳食，但提供供餐服务,5000.0
上海浦东萌手托育有限公司,1152111000800000,营利性托育机构,全日制,浦东新区托育服务指导中心,王伟萍,02150816818,刘元浦,上海市浦东新区三林镇东明路1778号1-3层,不自行加工膳食，但提供供餐服务,9800.0
上海浦东蒙宝元托育有限公司,1152111001300000,营利性托育机构,全日制,浦东新区托育服务指导中心,彭根娣,50917675,殷花,上海市浦东新区北蔡镇锦绣路3218弄一层A01,不自行加工膳食，但提供供餐服务,10899.0
上海浦东妮可贝拉托育有限公司,1152111003200000,营利性托育机构,全日制,浦东新区托育服务指导中心,张伟,13651768069,张伟；鲍远宝,上海市浦东新区金桥镇金高路1296弄151号107-112室,自行加工膳食,7000.0
上海浦东启禾托育有限公司,1152100003800000,营利性托育机构,全日制,浦东新区托育服务指导中心,傅靓,68815198,上海启禾管理咨询有限公司,上海市浦东新区中国（上海）自由贸易试验区（保税片区）红枫路399号（A区）一楼二楼,不自行加工膳食，但提供供餐服务,18000.0
上海浦东杞顿托育有限公司,1152111000700000,营利性托育机构,全日制,浦东新区托育服务指导中心,李宏伟,58375780,上海灵童教育科技有限公司,上海市浦东新区张江镇亮秀路112号A座107室,不自行加工膳食，但提供供餐服务,8000.0
上海浦东乔乐伊托育有限公司,1152111000900000,营利性托育机构,全日制,浦东新区托育服务指导中心,周然芳,18930425077,郭良玉,上海市浦东新区周家渡街道上海市浦东新区齐河路296-302（双）号一层A区,不自行加工膳食，但提供供餐服务,7800.0
上海浦东巧泽托育有限公司,1152111002100000,营利性托育机构,全日制,浦东新区托育服务指导中心,朱庆妹,50935301,杜燕,上海市浦东新区唐镇春泉路58弄62，63号,自行加工膳食,3000.0
上海浦东豚哆菲托育有限公司,1152111002800000,营利性托育机构,全日制,浦东新区托育服务指导中心,许铎,31007269,胡俊；许恩,上海市浦东新区北蔡镇上海市锦绣路3218号L1036(S40AB)铺位,不自行加工膳食，但提供供餐服务,7000.0
上海浦东拓星托育有限公司,1152111004200000,营利性托育机构,全日制,浦东新区托育服务指导中心,徐蕾,13761952816,上海拓星教育科技有限公司,上海市浦东新区陆家嘴街道即墨路9_2号,不自行加工膳食，但提供供餐服务,18000.0
上海浦东我来了托育有限公司,1152111001800000,营利性托育机构,全日制,浦东新区托育服务指导中心,董福林,021-50417811,上海娃咋养教育科技有限公司,上海市浦东新区张江镇龙东大道1288号101室,不自行加工膳食，但提供供餐服务,8800.0
上海浦东小浪花托育有限公司,1152100001200000,营利性托育机构,全日制,浦东新区托育服务指导中心,胡健,50906862,傅贇,上海市浦东新区三林镇长清路1200弄37、38、40-50号一层109、110、112商铺,不提供膳食,5800.0
上海浦东新区大飞机金科托育园,1151100000300000,非营利性托育机构,全日制,浦东新区托育服务指导中心,魏红艳,15900700170,上海小龙鱼教育发展有限公司,上海市浦东新区张江高科技园区金科路5188号单身宿舍一层（部分）,自行加工膳食,2500.0
上海浦东新区嘟马奇托育园,1151100005200000,非营利性托育机构,全日制,浦东新区托育服务指导中心,吴楠,021-60459219,吴楠；乔倩；宫婕,上海市浦东新区南汇新城镇方竹路166弄119号,自行加工膳食,3000.0
上海浦东新区嘉贝前滩托育园,1151111006100000,非营利性托育机构,全日制,浦东新区托育服务指导中心,王蓉,13817566714,上海嘉璧教育科技有限公司,上海市浦东新区三林镇东育路195号1层114室、195号2层210室,自行加工膳食,23000.0
上海浦东鑫乐托育有限公司,1152100002300000,营利性托育机构,全日制,浦东新区托育服务指导中心,赵美萍,50813588,朱卿；徐月芳,上海市浦东新区川沙新镇华夏东路2532、2534、2536号1_2层,不自行加工膳食，但提供供餐服务,3000.0
上海浦东星显托育有限责任公司,1152111000500000,营利性托育机构,全日制,浦东新区托育服务指导中心,易庆媛,021-20922199,李文阳,上海市浦东新区惠南镇卫星东路144号1-2层,不自行加工膳食，但提供供餐服务,3500.0
上海浦东星知托育有限公司,1152100000600000,营利性托育机构,全日制,浦东新区托育服务指导中心,夏海萍,02158115133,杨燕萍,上海市浦东新区康桥镇上海市浦东新区沪南路3291，3285号,自行加工膳食,7000.0
上海浦东秀俣托育有限责任公司,1152111004500000,营利性托育机构,全日制,浦东新区托育服务指导中心,邬亚洁,13370032422,吴秀1，王心语2,上海市浦东新区唐镇春泉路58弄57-58号1-3层,不自行加工膳食，但提供供餐服务,3000.0
上海浦东宜欢托育有限公司,1152110005900000,营利性托育机构,全日制,浦东新区托育服务指导中心,陆菊芳,1821714489,雷礼;徐国龙。,上海市浦东新区花木街道中国（上海）自由贸易试验区锦康路15号2层，17、19、23、27、31、33号1层，35号2层,不自行加工膳食，但提供供餐服务,13500.0
上海浦东轶祐托育有限公司,1152111004600000,营利性托育机构,全日制,浦东新区托育服务指导中心,史庆颖,61063980,张慧,上海市浦东新区浦兴路街道上海市浦东新区归昌路180弄1幢11号、12号、14号、15号、16号、17号、18号1层，归昌路180弄1幢6、13、23号2层201室-207室,自行加工膳食,9000.0
上海浦东逸辰托育有限公司,1152100005300000,营利性托育机构,全日制,浦东新区托育服务指导中心,周井兰,13501646485,王芳,上海市浦东新区惠南镇浦东新区惠南镇拱泰路41-47号（单）1-2层,自行加工膳食,3000.0
上海浦东优贝达托育有限公司,1152111000400000,营利性托育机构,全日制,浦东新区托育服务指导中心,马晶,021-68680577,王晓慧，齐秀玲,上海市浦东新区高行镇双桥路1216号104室C座,不自行加工膳食，但提供供餐服务,12800.0
上海浦东昱南托育有限责任公司,1152111004400000,营利性托育机构,全日制,浦东新区托育服务指导中心,杨元芬,50771935,上海浦东新区爱幼教育管理与发展中心,上海市浦东新区金杨新村街道金杨路785弄58号,自行加工膳食,8800.0
上海浦东哲思托育有限公司,1152100001900000,营利性托育机构,全日制,浦东新区托育服务指导中心,王芳,021-58955822,王珺；高韵婕；郑一诺,上海市浦东新区塘桥街道浦明路1258号,不自行加工膳食，但提供供餐服务,13000.0
上海普陀艾莱托育有限公司,1072111000800000,营利性托育机构,全日制,普陀区托育服务指导中心,缪兴兴 ,021-52918968,缪兴兴，李美娟,上海市普陀区长征镇梅岭北路1283号底层-2,自行加工膳食,12800.0
上海普陀贝贝鹰托育有限公司,1072100000500000,营利性托育机构,全日制,普陀区托育服务指导中心,张玲,56550061,张玲，林芝，杨曦，顾维嘉，周慧,上海市普陀区万里街道大华路88弄19号,自行加工膳食,5800.0
上海普陀贝越托育有限公司,1072111000600000,营利性托育机构,全日制,普陀区托育服务指导中心,李晓翠,66066882,吴婷；严晓芳,上海市普陀区万里街道武威东路262号,自行加工膳食,13800.0
上海普陀晨帆托育有限公司,1072100000400000,营利性托育机构,全日制,普陀区托育服务指导中心,秦静芳,61657681,安徽贝乐家教育管理集团有限公司,上海市普陀区长寿路街道澳门路477号7幢101室,自行加工膳食,7800.0
上海普陀风铃草托育有限公司,1072100000700000,营利性托育机构,全日制,普陀区托育服务指导中心,张玮,18221800005,王杰,上海市普陀区万里街道大华路22号一层,自行加工膳食,6800.0
上海普陀好囡托育有限公司,1072111000200000,营利性托育机构,全日制,普陀区托育服务指导中心,沈若玉,15618060527,好姑信息科技（上海）有限公司,上海市普陀区长风新村街道凯旋北路1555弄36号底层商铺,自行加工膳食,12800.0
上海普陀齐思托育有限公司,1072111000100000,营利性托育机构,全日制,普陀区托育服务指导中心,许燕,62565721,杨益文；叶国伟,上海市普陀区长风新村街道光复西路2899弄2号1层01、02、03室,自行加工膳食,12800.0
上海青浦敬德托育有限公司,1182111000200000,营利性托育机构,全日制,青浦区托育服务指导中心,翟晓敏,021-59888558,必吉必吉（上海）企业管理咨询股份有限公司，上海托宝文化传播有限公司,上海市青浦区徐泾镇诸陆西路2265弄233号,自行加工膳食,9800.0
上海青浦区爱贝尔托育园,1181111000400000,非营利性托育机构,全日制,青浦区托育服务指导中心,张生娟,021-69789069,吴忠然   吴生兆,上海市青浦区华新镇青浦区华新镇华志路901号,自行加工膳食,2880.0
上海青浦区迦美托育园,1181111000100000,非营利性托育机构,全日制,青浦区托育服务指导中心,雷恒,39786616,"龙如银,吴庆",上海市青浦区重固镇福泉山路111弄1号112室-118室,自行加工膳食,3000.0
上海青浦区冒芽宝贝托育园,1181111000300000,非营利性托育机构,全日制,青浦区托育服务指导中心,魏婷婷,13681795265,魏婷婷,上海市青浦区华新镇新府中路1536弄35号-36号,不自行加工膳食，但提供供餐服务,3000.0
上海市宝山区宝星托育园,1131100000100000,非营利性托育机构,全日制,宝山区托育服务指导中心,陈影雪,13816377088,上海铿然教育咨询有限公司,上海市宝山区月浦镇宝泉路65号,不自行加工膳食，但提供供餐服务,2200.0
上海市长宁区程家桥晨幼托育园,1051111001300000,非营利性托育机构,全日制,长宁区托育服务指导中心,王洁琼,52181228,上海杨浦爱曦幼托育有限公司,上海市长宁区程家桥街道程家桥路80弄44号,自行加工膳食,3000.0
上海市长宁区乐萌家托育园,1051100000500000,非营利性托育机构,全日制,长宁区托育服务指导中心,时华,62626678,崔昳；孙秀英,上海市长宁区北新泾街道天山路88弄35号,自行加工膳食,3000.0
上海市长宁区童心第二托育园,1051100001800000,非营利性托育机构,全日制,长宁区托育服务指导中心,王琛夏,62060152,殷文君；王和敏,上海市长宁区北新泾街道通协路269号1层商铺136-140 ,自行加工膳食,4800.0
上海市长宁区童心托育园,1051111000100000,非营利性托育机构,全日制,长宁区托育服务指导中心,徐艳,62347369,殷文君 王和敏,上海市长宁区仙霞新村街道仙霞路357号1楼,自行加工膳食,3000.0
上海市黄浦区五里桥社区托育园,1011111000300000,非营利性托育机构,全日制,黄浦区托育服务指导中心,高海燕,15021070748,上海市浦东新区民办爱绿幼儿园,上海市黄浦区五里桥街道蒙自路778弄3号楼1楼,不自行加工膳食，但提供供餐服务,3000.0
上海市嘉定区爱霖托育园,1141110000800000,非营利性托育机构,全日制,嘉定区托育服务指导中心,阚惠萍,021-39556731,陈宇；汪燕凌。,上海市嘉定区南翔镇德园南路111弄41-42号,自行加工膳食,3000.0
上海市嘉定区城市安泊托育园,1141110000600000,非营利性托育机构,全日制,嘉定区托育服务指导中心,王兴梅,18502134343,岳俊;吴杰,上海市嘉定区江桥镇吴杨东路333弄258号,自行加工膳食,3000.0
上海市嘉定区靓宝托育园,1141100001000000,非营利性托育机构,全日制,嘉定区托育服务指导中心,孙玲,13262636555,史磊,上海市嘉定区马陆镇上海市嘉定区马陆镇澄浏中路唐家苑中区2278号,自行加工膳食,3000.0
上海市嘉定区实蒙托育园,1141100000100000,非营利性托育机构,全日制,嘉定区托育服务指导中心,蔡琳,61160577,李茜南,上海市嘉定区马陆镇洪德路908号258室,自行加工膳食,6500.0
上海市嘉定区童达托育园,1141111000300000,非营利性托育机构,全日制,嘉定区托育服务指导中心,唐音,021-69890566,李东向,上海市嘉定区南翔镇宝翔路499弄18、21号,自行加工膳食,6500.0
上海市嘉定区银翔托育园,1141111001200000,非营利性托育机构,全日制,嘉定区托育服务指导中心,曹霄霄,69900013,丁仁亮,上海市嘉定区南翔镇沪宜公路509-515号,自行加工膳食,3000.0
上海市嘉定区优立托育园,1141111001100000,非营利性托育机构,全日制,嘉定区托育服务指导中心,何春羚,15921103329,上海硕尔文化传媒有限公司,上海市嘉定区马陆镇麦积路508弄11号,自行加工膳食,3000.0
上海市浦东新区霭葳托育有限公司,1152100000200000,营利性托育机构,全日制,浦东新区托育服务指导中心,刘娟,021-50771762,上海霭葳教育科技有限公司,上海市浦东新区花木街道杨高南路889号3幢一层,不自行加工膳食，但提供供餐服务,13600.0
上海市浦东新区华翘托育园,1151110000100000,非营利性托育机构,全日制,浦东新区托育服务指导中心,周红,021-68620617,"杨文艳,赵文杰",上海市浦东新区塘桥街道环龙路65弄62号,不自行加工膳食，但提供供餐服务,7000.0
上海市浦东新区章鱼堡托育园,1151111004900000,非营利性托育机构,全日制,浦东新区托育服务指导中心,梁敏,13564583977,徐东；李金俏,上海市浦东新区泥城镇浦东新区泥城镇鸿音路3388弄1幢3号103-2，1幢3号104，1幢3号105,不自行加工膳食，但提供供餐服务,3000.0
上海市松江区九亭镇迪笙托育园,1171100000100000,非营利性托育机构,全日制,松江区托育服务指导中心,杨艳,13585542818,陈宇峰；张逸舟；钟毅,上海市松江区九亭镇伴亭路488号,不自行加工膳食，但提供供餐服务,3000.0
上海松江区爱乐祺托育园,1171111001100000,非营利性托育机构,全日制,松江区托育服务指导中心,陆安琪,18916146911,李沐阳,上海市松江区九亭镇沪亭路88弄24号,自行加工膳食,5000.0
上海松江区贝思优托育园,1171111000500000,非营利性托育机构,全日制,松江区托育服务指导中心,顾榕洁,13651943119,章苗苗,上海市松江区中山街道广富林路699弄14号、16-19号、32-33号,自行加工膳食,5500.0
上海松江区德贝贝托育园,1171111000600000,非营利性托育机构,全日制,松江区托育服务指导中心,屠芳,33559299,屠芳;李富荣,上海市松江区方松街道文诚路500弄5号106-109,自行加工膳食,6000.0
上海松江区福贝佳托育园,1171111000700000,非营利性托育机构,全日制,松江区托育服务指导中心,韩磊,15000028756,董晋；项留仙,上海市松江区中山街道光星路1856号1-2层，1858号1层，1866号1层,不自行加工膳食，但提供供餐服务,5800.0
上海松江区品健托育园,1171111000800000,非营利性托育机构,全日制,松江区托育服务指导中心,游翠,021-57708335,黄军；赵康宁；陶慧君,上海市松江区永丰街道仓丰路242号244号236号二层部分,自行加工膳食,3000.0
上海松江区三湘四季托育园,1171100000200000,非营利性托育机构,全日制,松江区托育服务指导中心,陶辉,67790056,陶辉；洪志荣,上海市松江区广富林街道松江区梅家浜路1500弄38号,不自行加工膳食，但提供供餐服务,2200.0
上海松江区松果托育园,1171111001000000,非营利性托育机构,全日制,松江区托育服务指导中心,崔璐,18018582664,顾琳嫣；蒋辉；孙剑澜；胡伟锋。,上海市松江区永丰街道仓华路502号一层，500号2-3层,不自行加工膳食，但提供供餐服务,3500.0
上海松江区松实托育园,1171111000900000,非营利性托育机构,全日制,松江区托育服务指导中心,胡娟,18018582664,孙剑澜；陶新建,上海市松江区车墩镇车峰路450弄432号,自行加工膳食,3500.0
上海松江区晓蕾语花园托育园,1171111000300000,非营利性托育机构,全日制,松江区托育服务指导中心,钱丽莉,18602108202,"吴晓蕾,刘剑",上海市松江区新桥镇莘砖公路258号34幢101室,不自行加工膳食，但提供供餐服务,3000.0
上海松江童德托育有限公司,1172100000400000,营利性托育机构,全日制,松江区托育服务指导中心,朱倩倩,37030355,孙涛,上海市松江区中山街道茸梅路600弄2幢4号一层101、103、105-113、115-119、128,自行加工膳食,17000.0
上海星之婕托育有限公司,1042100000600000,营利性托育机构,全日制,徐汇区托育服务指导中心,赵馨华,64387603,上海星之婕教育培训有限公司  上海皓喆文化传播有限公司,上海市徐汇区湖南路街道兴国路91号甲1幢1-3层、2幢1层,不自行加工膳食，但提供供餐服务,10000.0
上海徐汇爱荷托育有限公司,1042111001700000,营利性托育机构,全日制,徐汇区托育服务指导中心,周惠萍,15221901190,孔楠；孙轶泽,上海市徐汇区康健新村街道桂平路188号一层111、112、113、117、118、119室,不自行加工膳食，但提供供餐服务,7800.0
上海徐汇爱睿格林托育有限公司,1042110000500000,营利性托育机构,全日制,徐汇区托育服务指导中心,孙小春,54034102,上海滋誉实业投资有限公司；张文明；徐海蓉,上海市徐汇区枫林路街道东安五村14号一层、二层（全幢）,不自行加工膳食，但提供供餐服务,9800.0
上海徐汇好爱托育有限公司,1042111002100000,营利性托育机构,全日制,徐汇区托育服务指导中心,袁玲玲,13052037683,益芽（上海）教育科技有限公司,上海市徐汇区龙华街道上海市徐汇区龙水南路336弄32号101-102室,不自行加工膳食，但提供供餐服务,7800.0
上海徐汇胡姬港湾托育有限公司,1042100001900000,营利性托育机构,全日制,徐汇区托育服务指导中心,王妇美,18221118867,上海徐汇胡姬港湾科技发展有限公司,上海市徐汇区漕河泾街道上海市徐汇区南宁路980号1层02、03单元,不自行加工膳食，但提供供餐服务,13500.0
上海徐汇介元晶托育有限公司,1042100001500000,营利性托育机构,全日制,徐汇区托育服务指导中心,杨剑华,54106150,上海小蜜峰企业管理咨询有限公司,上海市徐汇区虹梅路街道上海市徐汇区虹漕路68号1楼E室,不自行加工膳食，但提供供餐服务,7800.0
上海徐汇可音可缪可托育有限公司,1042111001800000,营利性托育机构,全日制,徐汇区托育服务指导中心,张韵,021-62199900,上海缪可文化传播有限公司，傅焕根,上海市徐汇区虹梅路街道桂林路402号76幢1层110-1室,自行加工膳食,4900.0
上海徐汇绿优托育有限公司,1042100000200000,营利性托育机构,全日制,徐汇区托育服务指导中心,吴晓,33635198,绿学产业投资有限公司,上海市徐汇区斜土路街道龙华中路759号 1层 WA-106b,不自行加工膳食，但提供供餐服务,9800.0
上海徐汇萌馨园托育有限公司,1042111001300000,营利性托育机构,全日制,徐汇区托育服务指导中心,周敏,02133630333,戴立明,上海市徐汇区田林街道田林东路75号汇阳广场一楼118-119室,不自行加工膳食，但提供供餐服务,8000.0
上海徐汇梦嫒托育有限公司,1042100000800000,营利性托育机构,全日制,徐汇区托育服务指导中心,黄万茹,021-33567893,上海嫒葳教育科技有限公司,上海市徐汇区天平路街道建国西路290号1、2层01室,自行加工膳食,18000.0
上海徐汇米迪雅托育有限公司,1042100000300000,营利性托育机构,全日制,徐汇区托育服务指导中心,王佩玲,54362231,上海迪学企业管理有限公司,上海市徐汇区康健新村街道柳州路138号104、105室,不自行加工膳食，但提供供餐服务,15000.0
上海徐汇区常青藤虹梅托育园,1041100000900000,非营利性托育机构,全日制,徐汇区托育服务指导中心,徐海蓉,64171175,上海滋誉实业投资有限公司,上海市徐汇区虹梅路街道全州路65到67号,不自行加工膳食，但提供供餐服务,3000.0
上海徐汇区大飞机云锦托育园,1041100001000000,非营利性托育机构,全日制,徐汇区托育服务指导中心,许静伊,021-20867026,上海小龙鱼教育发展有限公司,上海市徐汇区龙华街道云锦路5号办公楼一楼（部分）,不自行加工膳食，但提供供餐服务,2800.0
上海徐汇区儿童家园托育园,1041100000400000,非营利性托育机构,全日制,徐汇区托育服务指导中心,马嫣婷,64060657,上海一铭教育信息咨询有限公司,上海市徐汇区凌云路街道老沪闵路779号,自行加工膳食,3000.0
上海徐汇区领幼托育指导中心托育园,1041001000100000,非营利性托育机构,全日制,徐汇区托育服务指导中心,李黎,021-54970115,上海领幼企业管理咨询有限公司,上海市徐汇区枫林路街道中山南二路1089号徐汇苑大厦103室,不自行加工膳食，但提供供餐服务,8600.0
上海徐汇区龙南托育园,1041111002000000,非营利性托育机构,全日制,徐汇区托育服务指导中心,李春芳,13916490865,好姑信息科技（上海）有限公司；上海炫徒教育科技有限公司,上海市徐汇区龙华街道上海市徐汇区龙水南路320号,不自行加工膳食，但提供供餐服务,3000.0
上海徐汇区新徐汇昂立托育园,1041111001400000,非营利性托育机构,全日制,徐汇区托育服务指导中心,杨思琴,64197395,上海新徐汇教育管理有限公司；上海新南洋曦桃教育科技有限公司,上海市徐汇区凌云路街道梅陇五村39号,不自行加工膳食，但提供供餐服务,3000.0
上海徐汇区新徐汇华泾托育园,1041100001200000,非营利性托育机构,全日制,徐汇区托育服务指导中心,王克兰,(021) 5437 5820,上海新徐汇教育管理有限公司,上海市徐汇区华泾镇华泾路507号4号楼1楼,不自行加工膳食，但提供供餐服务,3000.0
上海徐汇小宁托育有限公司,1042111001100000,营利性托育机构,全日制,徐汇区托育服务指导中心,吴佩雯,64160446,胡芸；凌妮娜,上海市徐汇区虹梅路街道虹漕路68号1D单元,自行加工膳食,5400.0
上海徐汇悦优得托育有限公司 ,1042100001600000,营利性托育机构,全日制,徐汇区托育服务指导中心,张敏薇,13801852059,上海悦优得文化发展有限公司,上海市徐汇区漕河泾街道上海市徐汇区南宁路728、732、734、736、738、740、742号1-2层、730号1层,自行加工膳食,12000.0
上海杨浦爱曦幼托育有限公司,1102111000200000,营利性托育机构,全日制,杨浦区托育服务指导中心,张颖,65050660,上海堃苗教育科技有限公司,上海市杨浦区五角场镇政府路18号,不自行加工膳食，但提供供餐服务,4800.0
上海杨浦爱曦幼托育有限公司金山分公司,1162111000500000,营利性托育机构,全日制,金山区托育服务指导中心,刘冉冉,021-60892514,章苗苗,上海市金山区山阳镇海汇街588弄70号一层、72号一层,自行加工膳食,4000.0
上海杨浦博蝶托育有限公司,1102100000600000,营利性托育机构,全日制,杨浦区托育服务指导中心,王海鸥,65152338,周方华；王海鸥；吴嘉臻；励华,上海市杨浦区江浦路街道飞虹路568弄，创邑海上海广场42-1号,不自行加工膳食，但提供供餐服务,5300.0
上海杨浦好新托育有限公司,1102111001300000,营利性托育机构,全日制,杨浦区托育服务指导中心,李春芳,13003153236,上海好才企业管理服务有限公司,上海市杨浦区江浦路街道周家嘴路1301-1305号102室,自行加工膳食,7800.0
上海杨浦恒仁万托育有限公司,1102100000900000,营利性托育机构,全日制,杨浦区托育服务指导中心,曹艳雪,02155808592,上海杨浦恒仁万托育有限公司,上海市杨浦区五角场街道国科路80号18-22室,自行加工膳食,7000.0
上海杨浦锦晨托育有限公司,1102100000300000,营利性托育机构,全日制,杨浦区托育服务指导中心,张丽娜,13701701407,上海杨浦锦晨托育有限公司,上海市杨浦区新江湾城街道江湾城路99号8幢101、201C室,不自行加工膳食，但提供供餐服务,8000.0
上海杨浦乐乐树托育有限公司,1102100000500000,营利性托育机构,全日制,杨浦区托育服务指导中心,闻梅芬,021-52555060,上海杨浦乐乐树托育有限公司,上海市杨浦区大桥街道上海市杨浦区顺平路1260号22/23/24号,不自行加工膳食，但提供供餐服务,3500.0
上海杨浦米乐可儿托育有限公司,1102111001000000,营利性托育机构,全日制,杨浦区托育服务指导中心,夏俐蕴,021-55895605,上海夏俐蕴教育科技有限公司；王涛,上海市杨浦区新江湾城街道国权北路1688弄76号101、104室,自行加工膳食,11800.0
上海杨浦区好姑姑托育园,1101111001100000,非营利性托育机构,全日制,杨浦区托育服务指导中心,佟晓方,18516220191,好姑信息科技（上海）有限公司,上海市杨浦区新江湾城街道政悦路538~542号,不自行加工膳食，但提供供餐服务,6800.0
上海杨浦区佑幼托育园,1101111000400000,非营利性托育机构,全日制,杨浦区托育服务指导中心,乐美芬,13120519950,上海杨浦爱曦幼托育有限公司,上海市杨浦区大桥街道杨浦区长阳路2087弄8号,不自行加工膳食，但提供供餐服务,3000.0
上海杨浦睿福托育有限公司,1102111000100000,营利性托育机构,全日制,杨浦区托育服务指导中心,张丽娜,65682539,上海杨浦睿福托育有限公司,上海市杨浦区新江湾城街道国浩路179弄6号1层,自行加工膳食,11800.0
上海杨浦小树藤托育有限公司,1102111000800000,营利性托育机构,全日制,杨浦区托育服务指导中心,傅言佳,65673778,上海杨浦小树藤托育有限公司,上海市杨浦区控江路街道控江路1505弄35-36号,不自行加工膳食，但提供供餐服务,5500.0
上海杨浦心灵池托育有限公司,1102111001200000,营利性托育机构,全日制,杨浦区托育服务指导中心,王英,13818729340,王啸天,上海市杨浦区江浦路街道上海市杨浦区齐齐哈尔路920号20栋南半栋105、205室,不自行加工膳食，但提供供餐服务,5000.0
上海杨浦优迪托育有限公司,1102100001400000,营利性托育机构,全日制,杨浦区托育服务指导中心,髙芹,65673188,宋伟平,上海市杨浦区长白新村街道上海市杨浦区内江路460号,自行加工膳食,3200.0
上海杨浦语田托育有限公司,1102111000700000,营利性托育机构,全日制,杨浦区托育服务指导中心,杨健,021-55510121,上海犀鸟快飞教育科技有限公司；刘强,上海市杨浦区江浦路街道飞虹路568弄37号,不自行加工膳食，但提供供餐服务,9800.0
